symbol,name,sector,sub_sector,headquarters,date_added,cik,founded
COHR,"Coherent, Inc.",Technology,"Hardware, Equipment & Parts","Santa Clara, California",,0000820318,2022-09-01
LITE,Lumentum Holdings Inc.,Technology,Communication Equipment,"San Jose, California",,0001633978,2015-02-10
SATS,EchoStar Corporation,Technology,Communication Equipment,"Englewood, Colorado",,0001415404,2010-04-01
VRT,Vertiv Holdings Co,Industrials,Electrical Equipment & Parts,"Westerville, Ohio",,0001674101,2015-12-31
CIEN,Ciena Corporation,Technology,Communication Equipment,"Hanover, Maryland",,0000936395,1991-12-31
CRH,CRH plc,Basic Materials,Construction Materials,"Dublin, ",,0000849395,1970-10-20
CVNA,Carvana Co.,Consumer Cyclical,Auto - Dealerships,"Tempe, Arizona",,0001690820,2012-04-28
FIX,"Comfort Systems USA, Inc.",Industrials,Engineering & Construction,"Houston, Texas",,0001035983,1997-06-01
ARES,Ares Management Corporation,Financial Services,Asset Management,"Los Angeles, California",,0001176948,1977-01-01
SNDK,Sandisk Corporation,Technology,"Hardware, Equipment & Parts","Milpitas, ",,0002023554,1988-06-01
Q,"Qnity Electronics, Inc.",Technology,Semiconductors,"Wilmington, Delaware",,0000000000,2025-11-02
APP,AppLovin Corporation,Technology,Software - Application,"Palo Alto, California",,0001751008,2012
EME,"EMCOR Group, Inc.",Industrials,Engineering & Construction,"Norwalk, Connecticut",,0000105634,1994
HOOD,"Robinhood Markets, Inc.",Financial Services,Financial - Capital Markets,"Menlo Park, California",,0001783879,2013
IBKR,Interactive Brokers Group,Financial Services,Investment - Banking & Investment Services,"Greenwich, CT",,0001381197,1982
XYZ,"Block, Inc.",Technology,Software - Infrastructure,"Oakland, California",,0001512673,2009
TTD,"The Trade Desk, Inc.",Technology,Software - Application,"Ventura, California",,0001671933,2009
DDOG,Datadog,Technology,Software - Application,"New York City, New York",,0001561550,2010
COIN,Coinbase Global,Financial Services,Financial - Data & Stock Exchanges,"Wilmington, Delaware",,0001679788,2012
DASH,DoorDash,Communication Services,Internet Content & Information,"San Francisco, CA",,0001792789,2013
EXE,Expand Energy,Energy,Oil & Gas Exploration & Production,"Oklahoma City, OK",,0000895126,1989
TKO,TKO Group Holdings,Communication Services,Entertainment,"New York, NY",,0001973266,2023
WSM,Williams-Sonoma,Consumer Cyclical,Specialty Retail,"San Francisco, CA",,0000719955,1956
APO,Apollo Global Management,Financial Services,Asset Management - Global,"New York City, New York",,0001858681,1990
LII,Lennox International,Industrials,Construction,"Richardson, Texas",,0001069202,1895
WDAY,"Workday, Inc.",Technology,Software - Application,"Pleasanton, California",,0001327811,2005
TPL,Texas Pacific Land Corporation,Energy,Oil & Gas Exploration & Production,"Dallas, Texas",,0001811074,1888
DELL,Dell Technologies,Technology,Computer Hardware,"Round Rock, Texas",,0001571996,2016
ERIE,Erie Indemnity,Financial Services,Insurance - Brokers,"Erie, Pennsylvania",,0000922621,1925
PLTR,Palantir Technologies,Technology,Software - Infrastructure,"Denver, Colorado",,0001321655,2003
SW,Smurfit WestRock,Consumer Cyclical,Packaging & Containers,"Dublin, Ireland",,0002005951,1934
CRWD,CrowdStrike,Technology,Software - Infrastructure,"Austin, Texas",,0001535527,2011
GDDY,GoDaddy,Technology,Software - Infrastructure,"Tempe, Arizona",,0001609711,1997
KKR,KKR,Financial Services,Asset Management,"New York City, New York",,0001404912,1976
VST,Vistra Corp.,Utilities,Independent Power Producers,"Irving, Texas",,0001692819,2016
GEV,GE Vernova,Utilities,Renewable Utilities,"Cambridge, Massachusetts",,0001996810,2024
SOLV,Solventum,Healthcare,Medical - Care Facilities,"Saint Paul, Minnesota",,0001964738,2023
DECK,Deckers Brands,Consumer Cyclical,Apparel - Footwear & Accessories,"Goleta, California",,0000910521,1973
SMCI,Supermicro,Technology,Computer Hardware,"San Jose, California",,0001375365,1993
BLDR,Builders FirstSource,Industrials,Construction,"Irving, Texas",,0001316835,1998
JBL,Jabil,Technology,"Hardware, Equipment & Parts","St. Petersburg, Florida",,0000898293,1966
UBER,Uber,Technology,Software - Application,"San Francisco, California",,0001543151,2009
HUBB,Hubbell Incorporated,Industrials,Electrical Equipment & Parts,"Shelton, Connecticut",,0000048898,1888
LULU,Lululemon Athletica,Consumer Cyclical,Apparel - Retail,"Vancouver, Canada",,0001397187,1998
VLTO,Veralto,Industrials,Industrial - Pollution & Treatment Controls,"Waltham, Massachusetts",,0001967680,2023
ABNB,Airbnb,Consumer Cyclical,Travel Services,"San Francisco, California",,0001559720,2008
BX,Blackstone Inc.,Financial Services,Asset Management,"New York City, New York",,0001393818,1985
KVUE,Kenvue,Consumer Defensive,Household & Personal Products,"Skillman, New Jersey",,0001944048,2022
PANW,Palo Alto Networks,Technology,Software - Infrastructure,"Santa Clara, California",,0001327567,2005
AXON,Axon Enterprise,Industrials,Aerospace & Defense,"Scottsdale, Arizona",,0001069183,1993
FICO,Fair Isaac,Technology,Software - Application,"Bozeman, Montana",,0000814547,1956
BG,Bunge Global,Consumer Defensive,Agricultural Farm Products,"Chesterfield, Missouri",,0001996862,1818
PODD,Insulet Corporation,Healthcare,Medical - Devices,"Acton, Massachusetts",,0001145197,2000
GEHC,GE HealthCare,Healthcare,Medical - Healthcare Information Services,"Chicago, Illinois",,0001932393,1994
STLD,Steel Dynamics,Basic Materials,Steel,"Fort Wayne, Indiana",,0001022671,1993
FSLR,First Solar,Energy,Solar,"Tempe, Arizona",,0001274494,1999
ACGL,Arch Capital Group,Financial Services,Insurance - Diversified,"Hamilton, Bermuda",,0000947484,1995
TRGP,Targa Resources,Energy,Oil & Gas Midstream,"Houston, Texas",,0001389170,2005
EQT,EQT Corporation,Energy,Oil & Gas Exploration & Production,"Pittsburgh, Pennsylvania",,0000033213,1888
PCG,PG&E Corporation,Utilities,Regulated Electric,"Oakland, California",,0001004980,1905
CSGP,CoStar Group,Real Estate,Real Estate - Services,"Washington, D.C.",,0001057352,1987
INVH,Invitation Homes,Real Estate,REIT - Residential,"Dallas, Texas",,0001687229,2012
KDP,Keurig Dr Pepper,Consumer Defensive,Beverages - Non-Alcoholic,"Burlington, Massachusetts",,0001418135,1981
ON,ON Semiconductor,Technology,Semiconductors,"Phoenix, Arizona",,0001097864,1999
VICI,Vici Properties,Real Estate,REIT - Diversified,"New York City, New York",,0001705696,2017
WBD,Warner Bros. Discovery,Communication Services,Entertainment,"New York City, New York",,0001437107,2022
CPT,Camden Property Trust,Real Estate,REIT - Residential,"Houston, Texas",,0000906345,1981
NDSN,Nordson Corporation,Industrials,Industrial - Machinery,"Westlake, Ohio",,0000072331,1935
CEG,Constellation Energy,Utilities,Renewable Utilities,"Baltimore, Maryland",,0001868275,1999
FDS,FactSet,Financial Services,Financial - Data & Stock Exchanges,"Norwalk, Connecticut",,0001013237,1978
EPAM,EPAM Systems,Technology,Information Technology Services,"Newtown, Pennsylvania",,0001352010,1993
BRO,Brown & Brown,Financial Services,Insurance - Brokers,"Daytona Beach, Florida",,0000079282,1939
TECH,Bio-Techne,Healthcare,Biotechnology,"Minneapolis, Minnesota",,0000842023,1976
MRNA,Moderna,Healthcare,Biotechnology,"Cambridge, Massachusetts",,0001682852,2010
CRL,Charles River Laboratories,Healthcare,Medical - Diagnostics & Research,"Wilmington, Massachusetts",,0001100682,1947
PTC,PTC Inc.,Technology,Software - Application,"Boston, Massachusetts",,0000857005,1985
GNRC,Generac,Industrials,Industrial - Machinery,"Waukesha, Wisconsin",,0001474735,1959
NXPI,NXP Semiconductors,Technology,Semiconductors,"Eindhoven, Netherlands",,0001413447,1953
MPWR,Monolithic Power Systems,Technology,Semiconductors,"Kirkland, Washington",,0001280452,1997
TRMB,Trimble Inc.,Technology,"Hardware, Equipment & Parts","Westminster, Colorado",,0000864749,1978
TSLA,"Tesla, Inc.",Consumer Cyclical,Auto - Manufacturers,"Austin, Texas",,0001318605,2003
POOL,Pool Corporation,Industrials,Industrial - Distribution,"Covington, Louisiana",,0000945841,1993
TER,Teradyne,Technology,Semiconductors,"North Reading, Massachusetts",,0000097210,1960
TDY,Teledyne Technologies,Technology,"Hardware, Equipment & Parts","Thousand Oaks, California",,0001094285,1960
TYL,Tyler Technologies,Technology,Software - Application,"Plano, Texas",,0000860731,1966
WST,West Pharmaceutical Services,Healthcare,Medical - Instruments & Supplies,"Exton, Pennsylvania",,0000105770,1923
DPZ,Domino's,Consumer Cyclical,Restaurants,"Ann Arbor, Michigan",,0001286681,1960
DXCM,Dexcom,Healthcare,Medical - Devices,"San Diego, California",,0001093557,1999
CARR,Carrier Global,Industrials,Construction,"Palm Beach Gardens, Florida",,0001783180,2020
OTIS,Otis Worldwide,Industrials,Industrial - Machinery,"Farmington, Connecticut",,0001781335,2020
IR,Ingersoll Rand,Industrials,Industrial - Machinery,"Davidson, North Carolina",,0001699150,1859
LYV,Live Nation Entertainment,Communication Services,Entertainment,"Beverly Hills, California",,0001335258,2010
STE,Steris,Healthcare,Medical - Devices,"Dublin, Ireland",,0001757898,1985
ZBRA,Zebra Technologies,Technology,Communication Equipment,"Lincolnshire, Illinois",,0000877212,1969
ODFL,Old Dominion,Industrials,Trucking,"Thomasville, North Carolina",,0000878927,1934
WRB,W. R. Berkley Corporation,Financial Services,Insurance - Property & Casualty,"Greenwich, Connecticut",,0000011544,1967
NOW,ServiceNow,Technology,Software - Application,"Santa Clara, California",,0001373715,2003
LVS,Las Vegas Sands,Consumer Cyclical,"Gambling, Resorts & Casinos","Las Vegas, Nevada",,0001300514,1988
NVR,"NVR, Inc.",Consumer Cyclical,Residential Construction,"Reston, Virginia",,0000906163,1980
CDW,CDW,Technology,Information Technology Services,"Vernon Hills, Illinois",,0001402057,1984
IEX,IDEX Corporation,Industrials,Industrial - Machinery,"Lake Forest, Illinois",,0000832101,1988
LDOS,Leidos,Technology,Information Technology Services,"Reston, Virginia",,0001336920,1969
TROW,T. Rowe Price,Financial Services,Asset Management,"Baltimore, Maryland",,0001113169,1937
TMUS,T-Mobile US,Communication Services,Telecommunications Services,"Bellevue, Washington",,0001283699,1994
AMCR,Amcor,Consumer Cyclical,Packaging & Containers,"Warmley, Bristol, United Kingdom",,0001748790,2019
CTVA,Corteva,Basic Materials,Agricultural Inputs,"Indianapolis, Indiana",,0001755672,2019
DD,DuPont,Basic Materials,Chemicals - Specialty,"Wilmington, Delaware",,0001666700,2017
DOW,Dow Inc.,Basic Materials,Chemicals,"Midland, Michigan",,0001751788,2019
FOX,Fox Corporation (Class B),Communication Services,Entertainment,"New York City, New York",,0001754301,2019
FOXA,Fox Corporation (Class A),Communication Services,Entertainment,"New York City, New York",,0001754301,2019
WAB,Wabtec,Industrials,Railroads,"Pittsburgh, Pennsylvania",,0000943452,1999
ATO,Atmos Energy,Utilities,Regulated Gas,"Dallas, Texas",,0000731802,1906
FANG,Diamondback Energy,Energy,Oil & Gas Exploration & Production,"Midland, Texas",,0001539838,2007
JKHY,Jack Henry & Associates,Technology,Information Technology Services,"Monett, Missouri",,0000779152,1976
KEYS,Keysight Technologies,Technology,"Hardware, Equipment & Parts","Santa Rosa, California",,0001601046,2014
FTNT,Fortinet,Technology,Software - Infrastructure,"Sunnyvale, California",,0001262039,2000
ROL,"Rollins, Inc.",Consumer Cyclical,Personal Products & Services,"Atlanta, Georgia",,0000084839,1948
ANET,Arista Networks,Technology,Computer Hardware,"Santa Clara, California",,0001596532,2004
CPRT,Copart,Consumer Cyclical,Auto - Dealerships,"Dallas, Texas",,0000900075,1982
CPAY,Corpay,Technology,Software - Infrastructure,"Atlanta, Georgia",,0001175454,2000
BR,Broadridge Financial Solutions,Technology,Information Technology Services,"Lake Success, New York",,0001383312,1962
EVRG,Evergy,Utilities,Regulated Electric,"Kansas City, Missouri",,0001711269,1909
MSCI,MSCI,Financial Services,Financial - Data & Stock Exchanges,"New York City, New York",,0001408198,1969
TTWO,Take-Two Interactive,Technology,Electronic Gaming & Multimedia,"New York City, New York",,0000946581,1993
HII,Huntington Ingalls Industries,Industrials,Aerospace & Defense,"Newport News, Virginia",,0001501585,2011
NCLH,Norwegian Cruise Line Holdings,Consumer Cyclical,Travel Services,"Miami, Florida",,0001513761,2011
CDNS,Cadence Design Systems,Technology,Software - Application,"San Jose, California",,0000813672,1988
SBAC,SBA Communications,Real Estate,REIT - Specialty,"Boca Raton, Florida",,0001034054,1989
IQV,IQVIA,Healthcare,Medical - Diagnostics & Research,"Durham, North Carolina",,0001478242,1982
AOS,A. O. Smith,Industrials,Industrial - Machinery,"Milwaukee, Wisconsin",,0000091142,1916
MGM,MGM Resorts,Consumer Cyclical,"Gambling, Resorts & Casinos","Paradise, Nevada",,0000789570,1986
PKG,Packaging Corporation of America,Consumer Cyclical,Packaging & Containers,"Lake Forest, Illinois",,0000075677,1959
RMD,ResMed,Healthcare,Medical - Instruments & Supplies,"San Diego, California",,0000943819,1989
BKR,Baker Hughes,Energy,Oil & Gas Equipment & Services,"Houston, Texas",,0001701605,2017
ALGN,Align Technology,Healthcare,Medical - Devices,"Tempe, Arizona",,0001097149,1997
EG,Everest Group,Financial Services,Insurance - Reinsurance,"Hamilton, Bermuda",,0001095073,1973
HLT,Hilton Worldwide,Consumer Cyclical,Travel Lodging,"Tysons Corner, Virginia",,0001585689,1919
IT,Gartner,Technology,Information Technology Services,"Stamford, Connecticut",,0000749251,1979
AMD,Advanced Micro Devices,Technology,Semiconductors,"Santa Clara, California",,0000002488,1969
ARE,Alexandria Real Estate Equities,Real Estate,REIT - Office,"Pasadena, California",,0001035443,1994
RJF,Raymond James Financial,Financial Services,Financial - Capital Markets,"St. Petersburg, Florida",,0000720005,1962
SRE,Sempra,Utilities,Diversified Utilities,"San Diego, California",,0001032208,1998
SNPS,Synopsys,Technology,Software - Infrastructure,"Sunnyvale, California",,0000883241,1986
REG,Regency Centers,Real Estate,REIT - Retail,"Jacksonville, Florida",,0000910606,1963
CBOE,Cboe Global Markets,Financial Services,Financial - Data & Stock Exchanges,"Chicago, Illinois",,0001374310,1973
INCY,Incyte,Healthcare,Biotechnology,"Wilmington, Delaware",,0000879169,1991
IDXX,Idexx Laboratories,Healthcare,Medical - Diagnostics & Research,"Westbrook, Maine",,0000874716,1983
MAA,Mid-America Apartment Communities,Real Estate,REIT - Residential,"Memphis, Tennessee",,0000912595,1977
D,Dominion Energy,Utilities,Regulated Electric,"Richmond, Virginia",,0000715957,1983
HWM,Howmet Aerospace,Industrials,Industrial - Machinery,"Pittsburgh, Pennsylvania",,0000004281,1888
COO,Cooper Companies (The),Healthcare,Medical - Instruments & Supplies,"San Ramon, California",,0000711404,1958
CHTR,Charter Communications,Communication Services,Telecommunications Services,"Stamford, Connecticut",,0001091667,1993
MTD,Mettler Toledo,Healthcare,Medical - Diagnostics & Research,"Columbus, Ohio",,0001037646,1945
ALB,Albemarle Corporation,Basic Materials,Chemicals - Specialty,"Charlotte, North Carolina",,0000915913,1994
FTV,Fortive,Technology,"Hardware, Equipment & Parts","Everett, Washington",,0001659166,2016
LNT,Alliant Energy,Utilities,Regulated Electric,"Madison, Wisconsin",,0000352541,1917
TDG,TransDigm Group,Industrials,Aerospace & Defense,"Cleveland, Ohio",,0001260221,1993
AJG,Arthur J. Gallagher & Co.,Financial Services,Insurance - Brokers,"Rolling Meadows, Illinois",,0000354190,1927
DLR,Digital Realty,Real Estate,REIT - Office,"Austin, Texas",,0001297996,2004
GPN,Global Payments,Industrials,Specialty Business Services,"Atlanta, Georgia",,0001123360,2000
ULTA,Ulta Beauty,Consumer Cyclical,Specialty Retail,"Bolingbrook, Illinois",,0001403568,1990
CNC,Centene Corporation,Healthcare,Medical - Healthcare Plans,"St. Louis, Missouri",,0001071739,1984
HOLX,Hologic,Healthcare,Medical - Instruments & Supplies,"Marlborough, Massachusetts",,0000859737,1985
UDR,"UDR, Inc.",Real Estate,REIT - Residential,"Highlands Ranch, Colorado",,0000074208,1972
AWK,American Water Works,Utilities,Regulated Water,"Camden, New Jersey",,0001410636,1886
FRT,Federal Realty Investment Trust,Real Estate,REIT - Retail,"Rockville, Maryland",,0000034903,1962
CFG,Citizens Financial Group,Financial Services,Banks - Regional,"Providence, Rhode Island",,0000759944,1828
EXR,Extra Space Storage,Real Estate,REIT - Industrial,"Salt Lake City, Utah",,0001289490,1977
WTW,Willis Towers Watson,Financial Services,Insurance - Brokers,"London, United Kingdom",,0001140536,2016
CHD,Church & Dwight,Consumer Defensive,Household & Personal Products,"Ewing, New Jersey",,0000313927,1847
SYF,Synchrony Financial,Financial Services,Financial - Credit Services,"Stamford, Connecticut",,0001601712,2003
HPE,Hewlett Packard Enterprise,Technology,Communication Equipment,"Houston, Texas",,0001645590,2015
VRSK,Verisk Analytics,Industrials,Consulting Services,"Jersey City, New Jersey",,0001442145,1971
NWS,News Corp (Class B),Communication Services,Entertainment,"New York City, New York",,0001564708,2013
UAL,United Airlines Holdings,Industrials,"Airlines, Airports & Air Services","Chicago, Illinois",,0000100517,1967
PYPL,PayPal,Financial Services,Financial - Credit Services,"San Jose, California",,0001633917,1998
KHC,Kraft Heinz,Consumer Defensive,Packaged Foods,"Chicago, Illinois; Pittsburgh, Pennsylvania",,0001637459,2015
JBHT,J.B. Hunt,Industrials,Integrated Freight & Logistics,"Lowell, Arkansas",,0000728535,1961
O,Realty Income,Real Estate,REIT - Retail,"San Diego, California",,0000726728,1969
EQIX,Equinix,Real Estate,REIT - Specialty,"Redwood City, California",,0001101239,1998
HSIC,Henry Schein,Healthcare,Medical - Distribution,"Melville, New York",,0001000228,1932
SWKS,Skyworks Solutions,Technology,Semiconductors,"Irvine, California",,0000004127,2002
HCA,HCA Healthcare,Healthcare,Medical - Care Facilities,"Nashville, Tennessee",,0000860730,1968
RCL,Royal Caribbean Group,Consumer Cyclical,Travel Services,"Miami, Florida",,0000884887,1997
UHS,Universal Health Services,Healthcare,Medical - Care Facilities,"King of Prussia, Pennsylvania",,0000352915,1979
URI,United Rentals,Industrials,Rental & Leasing Services,"Stamford, Connecticut",,0001067701,1997
MLM,Martin Marietta Materials,Basic Materials,Construction Materials,"Raleigh, North Carolina",,0000916076,1993
AVGO,Broadcom,Technology,Semiconductors,"Palo Alto, California",,0001730168,1961
GOOGL,Alphabet Inc. (Class A),Communication Services,Internet Content & Information,"Mountain View, California",,0001652044,1998
ESS,Essex Property Trust,Real Estate,REIT - Residential,"San Mateo, California",,0000920522,1971
TSCO,Tractor Supply,Consumer Cyclical,Specialty Retail,"Brentwood, Tennessee",,0000916365,1938
META,Meta Platforms,Communication Services,Internet Content & Information,"Menlo Park, California",,0001326801,2004
ALLE,Allegion,Industrials,Security & Protection Services,"Dublin, Ireland",,0001579241,1908
AME,Ametek,Industrials,Industrial - Machinery,"Berwyn, Pennsylvania",,0001037868,1930
VRTX,Vertex Pharmaceuticals,Healthcare,Biotechnology,"Boston, Massachusetts",,0000875320,1989
DAL,Delta Air Lines,Industrials,"Airlines, Airports & Air Services","Atlanta, Georgia",,0000027904,1929
NWSA,News Corp (Class A),Communication Services,Entertainment,"New York City, New York",,0001564708,2013
ZTS,Zoetis,Healthcare,Drug Manufacturers - Specialty & Generic,"Parsippany, New Jersey",,0001555280,1952
GM,General Motors,Consumer Cyclical,Auto - Manufacturers,"Detroit, Michigan",,0001467858,1908
REGN,Regeneron Pharmaceuticals,Healthcare,Biotechnology,"Tarrytown, New York",,0000872589,1988
ABBV,AbbVie,Healthcare,Drug Manufacturers - General,"North Chicago, Illinois",,0001551152,2013
APTV,Aptiv,Consumer Cyclical,Auto - Parts,"Dublin, Ireland",,0001521332,1994
GRMN,Garmin,Technology,"Hardware, Equipment & Parts","Schaffhausen, Switzerland",,0001121788,1989
HUM,Humana,Healthcare,Medical - Healthcare Plans,"Louisville, Kentucky",,0000049071,1961
DG,Dollar General,Consumer Defensive,Discount Stores,"Goodlettsville, Tennessee",,0000029534,1939
MDLZ,Mondelez International,Consumer Defensive,Food Confectioners,"Chicago, Illinois",,0001103982,2012
PNR,Pentair,Industrials,Industrial - Machinery,"Worsley, United Kingdom",,0000077360,1966
LYB,LyondellBasell,Basic Materials,Chemicals - Specialty,"Rotterdam, Netherlands",,0001489393,2007
STX,Seagate Technology,Technology,Computer Hardware,"Dublin, Ireland",,0001137789,1979
LRCX,Lam Research,Technology,Semiconductors,"Fremont, California",,0000707549,1980
MNST,Monster Beverage,Consumer Defensive,Beverages - Non-Alcoholic,"Corona, California",,0000865752,2012
KMI,Kinder Morgan,Energy,Oil & Gas Midstream,"Houston, Texas",,0001506307,1997
PSX,Phillips 66,Energy,Oil & Gas Refining & Marketing,"Houston, Texas",,0001534701,2012
CCI,Crown Castle,Real Estate,REIT - Specialty,"Houston, Texas",,0001051470,1994
DLTR,Dollar Tree,Consumer Defensive,Discount Stores,"Chesapeake, Virginia",,0000935703,1986
XYL,Xylem Inc.,Industrials,Industrial - Machinery,"White Plains, New York",,0001524472,2011
TEL,TE Connectivity,Technology,"Hardware, Equipment & Parts","Galway, Ireland",,0001385157,2007
MOS,Mosaic Company (The),Basic Materials,Agricultural Inputs,"Tampa, Florida",,0001285785,2004
ACN,Accenture,Technology,Information Technology Services,"Dublin, Ireland",,0001467373,1989
FCX,Freeport-McMoRan,Basic Materials,Copper,"Phoenix, Arizona",,0000831259,1912
MPC,Marathon Petroleum,Energy,Oil & Gas Refining & Marketing,"Findlay, Ohio",,0001510295,2009
CMG,Chipotle Mexican Grill,Consumer Cyclical,Restaurants,"Newport Beach, California",,0001058090,1993
BLK,BlackRock,Financial Services,Asset Management,"New York City, New York",,0002012383,1988
EW,Edwards Lifesciences,Healthcare,Medical - Devices,"Irvine, California",,0001099800,1958
FFIV,"F5, Inc.",Technology,Software - Infrastructure,"Seattle, Washington",,0001048695,1996
NFLX,Netflix,Communication Services,Entertainment,"Los Gatos, California",,0001065280,1997
TT,Trane Technologies,Industrials,Construction,"Dublin, Ireland",,0001466258,1871
JCI,Johnson Controls,Industrials,Construction,"Cork, Ireland",,0000833444,1885
CB,Chubb Limited,Financial Services,Insurance - Property & Casualty,"Zurich, Switzerland",,0000896159,1985
OKE,ONEOK,Energy,Oil & Gas Midstream,"Tulsa, Oklahoma",,0001039684,1906
BRK-B,Berkshire Hathaway,Financial Services,Insurance - Diversified,"Omaha, Nebraska",,0001067983,1839
NRG,NRG Energy,Utilities,Independent Power Producers,"Houston, Texas",,0001013871,1992
ROP,Roper Technologies,Industrials,Industrial - Machinery,"Sarasota, Florida",,0000882835,1981
ROST,Ross Stores,Consumer Cyclical,Apparel - Retail,"Dublin, California",,0000745732,1982
V,Visa Inc.,Financial Services,Financial - Credit Services,"San Francisco, California",,0001403161,1958
BKNG,Booking Holdings,Consumer Cyclical,Travel Services,"Norwalk, Connecticut",,0001075531,1996
ES,Eversource Energy,Utilities,Regulated Electric,"Hartford, Connecticut",,0000072741,1966
PWR,Quanta Services,Industrials,Engineering & Construction,"Houston, Texas",,0001050915,1997
WDC,Western Digital,Technology,Computer Hardware,"San Jose, California",,0000106040,1970
ORLY,O'Reilly Auto Parts,Consumer Cyclical,Specialty Retail,"Springfield, Missouri",,0000898173,1957
HRL,Hormel Foods,Consumer Defensive,Packaged Foods,"Austin, Minnesota",,0000048465,1891
VTR,Ventas,Real Estate,REIT - Healthcare Facilities,"Chicago, Illinois",,0000740260,1998
WELL,Welltower,Real Estate,REIT - Healthcare Facilities,"Toledo, Ohio",,0000766704,1970
IRM,Iron Mountain,Real Estate,REIT - Specialty,"Boston, Massachusetts",,0001020569,1951
RSG,Republic Services,Industrials,Waste Management,"Phoenix, Arizona",,0001060391,1998
WYNN,Wynn Resorts,Consumer Cyclical,"Gambling, Resorts & Casinos","Paradise, Nevada",,0001174922,2002
SJM,J.M. Smucker Company (The),Consumer Defensive,Packaged Foods,"Orrville, Ohio",,0000091419,1897
WEC,WEC Energy Group,Utilities,Regulated Electric,"Milwaukee, Wisconsin",,0000783325,1896
NDAQ,"Nasdaq, Inc.",Financial Services,Financial - Data & Stock Exchanges,"New York City, New York",,0001120193,1971
APH,Amphenol,Technology,"Hardware, Equipment & Parts","Wallingford, Connecticut",,0000820313,1932
LHX,L3Harris,Industrials,Aerospace & Defense,"Melbourne, Florida",,0000202058,2019
CRM,Salesforce,Technology,Software - Application,"San Francisco, California",,0001108524,1999
FAST,Fastenal,Industrials,Industrial - Distribution,"Winona, Minnesota",,0000815556,1967
CF,CF Industries,Basic Materials,Agricultural Inputs,"Deerfield, Illinois",,0001324404,1946
IVZ,Invesco,Financial Services,Asset Management,"Atlanta, Georgia",,0000914208,1935
DVA,DaVita,Healthcare,Medical - Care Facilities,"Denver, Colorado",,0000927066,1979
MA,Mastercard,Financial Services,Financial - Credit Services,"Harrison, New York",,0001141391,1966
CTRA,Coterra,Energy,Oil & Gas Exploration & Production,"Houston, Texas",,0000858470,2021
ISRG,Intuitive Surgical,Healthcare,Medical - Instruments & Supplies,"Sunnyvale, California",,0001035267,1995
DOC,Healthpeak Properties,Real Estate,REIT - Healthcare Facilities,"Denver, Colorado",,0000765880,1985
PM,Philip Morris International,Consumer Defensive,Tobacco,"New York City, New York",,0001413329,2008
AMT,American Tower,Real Estate,REIT - Specialty,"Boston, Massachusetts",,0001053507,1995
J,Jacobs Solutions,Industrials,Engineering & Construction,"Dallas, Texas",,0000052988,1947
EXPD,Expeditors International,Industrials,Integrated Freight & Logistics,"Seattle, Washington",,0000746515,1979
EXPE,Expedia Group,Consumer Cyclical,Travel Services,"Seattle, Washington",,0001324424,1996
ICE,Intercontinental Exchange,Financial Services,Financial - Data & Stock Exchanges,"Atlanta, Georgia",,0001571949,2000
MCHP,Microchip Technology,Technology,Semiconductors,"Chandler, Arizona",,0000827054,1989
AKAM,Akamai Technologies,Technology,Software - Infrastructure,"Cambridge, Massachusetts",,0001086222,1998
AIZ,Assurant,Financial Services,Insurance - Specialty,"Atlanta, Georgia",,0001267238,1892
HST,Host Hotels & Resorts,Real Estate,REIT - Hotel & Motel,"Bethesda, Maryland",,0001070750,1993
CHRW,C.H. Robinson,Industrials,Integrated Freight & Logistics,"Eden Prairie, Minnesota",,0001043277,1905
RL,Ralph Lauren Corporation,Consumer Cyclical,Apparel - Manufacturers,"New York City, New York",,0001037038,1967
AVB,AvalonBay Communities,Real Estate,REIT - Residential,"Arlington, Virginia",,0000915912,1978
CTSH,Cognizant,Technology,Information Technology Services,"Teaneck, New Jersey",,0001058290,1994
CBRE,CBRE Group,Real Estate,Real Estate - Services,"Dallas, Texas",,0001138118,1906
FIS,Fidelity National Information Services,Technology,Information Technology Services,"Jacksonville, Florida",,0001136893,1968
CME,CME Group,Financial Services,Financial - Data & Stock Exchanges,"Chicago, Illinois",,0001156375,1848
KIM,Kimco Realty,Real Estate,REIT - Retail,"Jericho, New York",,0000879101,1958
BXP,"BXP, Inc.",Real Estate,REIT - Office,"Boston, Massachusetts",,0001037540,1970
GOOG,Alphabet Inc. (Class C),Communication Services,Internet Content & Information,"Mountain View, California",,0001652044,1998
VRSN,Verisign,Technology,Software - Infrastructure,"Dulles, Virginia",,0001014473,1995
EL,Estée Lauder Companies (The),Consumer Defensive,Household & Personal Products,"New York City, New York",,0001001250,1946
AMZN,Amazon,Consumer Cyclical,Specialty Retail,"Seattle, Washington",,0001018724,1994
LEN,Lennar,Consumer Cyclical,Residential Construction,"Miami, Florida",,0000920760,1954
AMP,Ameriprise Financial,Financial Services,Asset Management,"Minneapolis, Minnesota",,0000820027,1894
PSA,Public Storage,Real Estate,REIT - Industrial,"Glendale, California",,0001393311,1972
TSN,Tyson Foods,Consumer Defensive,Agricultural Farm Products,"Springdale, Arkansas",,0000100493,1935
STZ,Constellation Brands,Consumer Defensive,Beverages - Wineries & Distilleries,"Rochester, New York",,0000016918,1945
DHI,D. R. Horton,Consumer Cyclical,Residential Construction,"Arlington, Texas",,0000882184,1978
LH,LabCorp,Healthcare,Medical - Diagnostics & Research,"Burlington, North Carolina",,0000920148,1978
TPR,"Tapestry, Inc.",Consumer Cyclical,Luxury Goods,"New York City, New York",,0001116132,2017
TMO,Thermo Fisher Scientific,Healthcare,Medical - Diagnostics & Research,"Waltham, Massachusetts",,0000097745,2006
GILD,Gilead Sciences,Healthcare,Drug Manufacturers - General,"Foster City, California",,0000882095,1987
VTRS,Viatris,Healthcare,Drug Manufacturers - Specialty & Generic,"Pittsburgh, Pennsylvania",,0001792044,1961
MTB,M&T Bank,Financial Services,Banks - Regional,"Buffalo, New York",,0000036270,1856
BIIB,Biogen,Healthcare,Drug Manufacturers - General,"Cambridge, Massachusetts",,0000875045,1978
PLD,Prologis,Real Estate,REIT - Industrial,"San Francisco, California",,0001045609,1983
GEN,Gen Digital,Technology,Software - Infrastructure,"Tempe, Arizona",,0000849399,1982
MKC,McCormick & Company,Consumer Defensive,Packaged Foods,"Hunt Valley, Maryland",,0000063754,1889
STT,State Street Corporation,Financial Services,Asset Management,"Boston, Massachusetts",,0000093751,1792
VLO,Valero Energy,Energy,Oil & Gas Refining & Marketing,"San Antonio, Texas",,0001035002,1980
DGX,Quest Diagnostics,Healthcare,Medical - Diagnostics & Research,"Secaucus, New Jersey",,0001022079,1967
CMCSA,Comcast,Communication Services,Telecommunications Services,"Philadelphia, Pennsylvania",,0001166691,1963
TRV,Travelers Companies (The),Financial Services,Insurance - Property & Casualty,"New York City, New York",,0000086312,1853
ELV,Elevance Health,Healthcare,Medical - Healthcare Plans,"Indianapolis, Indiana",,0001156039,2014
EA,Electronic Arts,Technology,Electronic Gaming & Multimedia,"Redwood City, California",,0000712515,1982
EBAY,eBay,Consumer Cyclical,Specialty Retail,"San Jose, California",,0001065088,1995
GS,Goldman Sachs,Financial Services,Financial - Capital Markets,"New York City, New York",,0000886982,1869
PFG,Principal Financial Group,Financial Services,Insurance - Diversified,"Des Moines, Iowa",,0001126328,1879
PRU,Prudential Financial,Financial Services,Insurance - Life,"Newark, New Jersey",,0001137774,1875
UPS,United Parcel Service,Industrials,Integrated Freight & Logistics,"Sandy Springs, Georgia",,0001090727,1907
SPG,Simon Property Group,Real Estate,REIT - Retail,"Indianapolis, Indiana",,0001063761,2003
WAT,Waters Corporation,Healthcare,Medical - Diagnostics & Research,"Milford, Massachusetts",,0001000697,1958
EQR,Equity Residential,Real Estate,REIT - Residential,"Chicago, Illinois",,0000906107,1969
NVDA,Nvidia,Technology,Semiconductors,"Santa Clara, California",,0001045810,1993
PPL,PPL Corporation,Utilities,Regulated Electric,"Allentown, Pennsylvania",,0000922224,1920
COR,Cencora,Healthcare,Medical - Distribution,"Conshohocken, Pennsylvania",,0001140859,1985
ZBH,Zimmer Biomet,Healthcare,Medical - Devices,"Warsaw, Indiana",,0001136869,1927
FISV,"Fiserv, Inc.",Technology,Information Technology Services,"Brookfield, Wisconsin",,0000798354,1983-12-31
TXN,Texas Instruments,Technology,Semiconductors,"Dallas, Texas",,0000097476,1930
CTAS,Cintas,Industrials,Specialty Business Services,"Mason, Ohio",,0000723254,1929
SYK,Stryker Corporation,Healthcare,Medical - Devices,"Kalamazoo, Michigan",,0000310764,1941
MET,MetLife,Financial Services,Insurance - Life,"New York City, New York",,0001099219,1868
INTU,Intuit,Technology,Software - Application,"Mountain View, California",,0000896878,1983
EOG,EOG Resources,Energy,Oil & Gas Exploration & Production,"Houston, Texas",,0000821189,1999
NI,NiSource,Utilities,Regulated Gas,"Merrillville, Indiana",,0001111711,1912
DVN,Devon Energy,Energy,Oil & Gas Exploration & Production,"Oklahoma City, Oklahoma",,0001090012,1971
SBUX,Starbucks,Consumer Cyclical,Restaurants,"Seattle, Washington",,0000829224,1971
A,Agilent Technologies,Healthcare,Medical - Diagnostics & Research,"Santa Clara, California",,0001090872,1999
ROK,Rockwell Automation,Industrials,Industrial - Machinery,"Milwaukee, Wisconsin",,0001024478,1903
USB,U.S. Bancorp,Financial Services,Banks - Regional,"Minneapolis, Minnesota",,0000036104,1968
ADI,Analog Devices,Technology,Semiconductors,"Wilmington, Massachusetts",,0000006281,1965
PNW,Pinnacle West,Utilities,Regulated Electric,"Phoenix, Arizona",,0000764622,1985
QCOM,Qualcomm,Technology,Semiconductors,"San Diego, California",,0000804328,1985
VMC,Vulcan Materials Company,Basic Materials,Construction Materials,"Birmingham, Alabama",,0001396009,1909
BBY,Best Buy,Consumer Cyclical,Specialty Retail,"Richfield, Minnesota",,0000764478,1966
NTAP,NetApp,Technology,Computer Hardware,"San Jose, California",,0001002047,1992
AFL,Aflac,Financial Services,Insurance - Life,"Columbus, Georgia",,0000004977,1955
MCK,McKesson Corporation,Healthcare,Medical - Distribution,"Irving, Texas",,0000927653,1833
CCL,Carnival,Consumer Cyclical,Leisure,"Miami, Florida",,0000815097,1972
DHR,Danaher Corporation,Healthcare,Medical - Diagnostics & Research,"Washington, D.C.",,0000313616,1969
AES,AES Corporation,Utilities,Diversified Utilities,"Arlington, Virginia",,0000874761,1981
PAYX,Paychex,Industrials,Staffing & Employment Services,"Penfield, New York",,0000723531,1971
WM,Waste Management,Industrials,Waste Management,"Houston, Texas",,0000823768,1968
RF,Regions Financial Corporation,Financial Services,Banks - Regional,"Birmingham, Alabama",,0001281761,1971
COF,Capital One,Financial Services,Financial - Credit Services,"Tysons Corner, Virginia",,0000927628,1994
MCO,Moody's Corporation,Financial Services,Financial - Data & Stock Exchanges,"New York City, New York",,0001059556,1909
MAR,Marriott International,Consumer Cyclical,Travel Lodging,"Bethesda, Maryland",,0001048286,1927
BEN,Franklin Resources,Financial Services,Asset Management,"San Mateo, California",,0000038777,1947
NTRS,Northern Trust,Financial Services,Asset Management,"Chicago, Illinois",,0000073124,1889
OMC,Omnicom Group,Communication Services,Advertising Agencies,"New York City, New York",,0000029989,1986
CINF,Cincinnati Financial,Financial Services,Insurance - Property & Casualty,"Fairfield, Ohio",,0000020286,1950
TFC,Truist Financial,Financial Services,Banks - Regional,"Charlotte, North Carolina",,0000092230,1872
FE,FirstEnergy,Utilities,Regulated Electric,"Akron, Ohio",,0001031296,1997
YUM,Yum! Brands,Consumer Cyclical,Restaurants,"Louisville, Kentucky",,0001041061,1997
KLAC,KLA Corporation,Technology,Semiconductors,"Milpitas, California",,0000319201,1975/1977
HBAN,Huntington Bancshares,Financial Services,Banks - Regional,"Columbus, Ohio; Detroit, Michigan",,0000049196,1866
PGR,Progressive Corporation,Financial Services,Insurance - Property & Casualty,"Mayfield Village, Ohio",,0000080661,1937
APA,APA Corporation,Energy,Oil & Gas Exploration & Production,"Houston, Texas",,0001841666,1954
EFX,Equifax,Industrials,Consulting Services,"Atlanta, Georgia",,0000033185,1899
SCHW,Charles Schwab Corporation,Financial Services,Financial - Capital Markets,"Westlake, Texas",,0000316709,1971
CAH,Cardinal Health,Healthcare,Medical - Distribution,"Dublin, Ohio",,0000721371,1971
ADBE,Adobe Inc.,Technology,Software - Infrastructure,"San Jose, California",,0000796343,1982
AZO,AutoZone,Consumer Cyclical,Specialty Retail,"Memphis, Tennessee",,0000866787,1979
AON,Aon,Financial Services,Insurance - Brokers,"London, UK",,0000315293,1982
FITB,Fifth Third Bancorp,Financial Services,Banks - Regional,"Cincinnati, Ohio",,0000035527,1858
ALL,Allstate,Financial Services,Insurance - Property & Casualty,"Northbrook, Illinois",,0000899051,1931
DRI,Darden Restaurants,Consumer Cyclical,Restaurants,"Orlando, Florida",,0000940944,1938
L,Loews Corporation,Financial Services,Insurance - Property & Casualty,"New York City, New York",,0000060086,1959
BK,BNY Mellon,Financial Services,Asset Management,"New York City, New York",,0001390777,1784
AMAT,Applied Materials,Technology,Semiconductors,"Santa Clara, California",,0000006951,1967
GLW,Corning Inc.,Technology,"Hardware, Equipment & Parts","Corning, New York",,0000024741,1851
BSX,Boston Scientific,Healthcare,Medical - Devices,"Marlborough, Massachusetts",,0000885725,1979
PSKY,Paramount Skydance Corp,Communication Services,Entertainment,"New York City, New York",,0002041610,2025
MU,Micron Technology,Technology,Semiconductors,"Boise, Idaho",,0000723125,1978
LUV,Southwest Airlines,Industrials,"Airlines, Airports & Air Services","Dallas, Texas",,0000092380,1967
UNH,UnitedHealth Group,Healthcare,Medical - Healthcare Plans,"Minnetonka, Minnesota",,0000731766,1977
MSFT,Microsoft,Technology,Software - Infrastructure,"Redmond, Washington",,0000789019,1975
KEY,KeyCorp,Financial Services,Banks - Regional,"Cleveland, Ohio",,0000091576,1825
CSCO,Cisco,Technology,Communication Equipment,"San Jose, California",,0000858877,1984
COST,Costco,Consumer Defensive,Discount Stores,"Issaquah, Washington",,0000909832,1976
MS,Morgan Stanley,Financial Services,Financial - Capital Markets,"New York City, New York",,0000895421,1935
LIN,Linde plc,Basic Materials,Chemicals - Specialty,"Guildford, United Kingdom",,0001707925,1879
AMGN,Amgen,Healthcare,Drug Manufacturers - General,"Thousand Oaks, California",,0000318154,1980
AEE,Ameren,Utilities,Regulated Electric,"St. Louis, Missouri",,0001002910,1902
ADSK,Autodesk,Technology,Software - Application,"San Francisco, California",,0000769397,1982
ORCL,Oracle Corporation,Technology,Software - Infrastructure,"Austin, Texas",,0001341439,1977
GL,Globe Life,Financial Services,Insurance - Life,"McKinney, Texas",,0000320335,1900
ECL,Ecolab,Basic Materials,Chemicals - Specialty,"Saint Paul, Minnesota",,0000031462,1923
NKE,"Nike, Inc.",Consumer Cyclical,Apparel - Footwear & Accessories,"Washington County, Oregon",,0000320187,1964
C,Citigroup,Financial Services,Banks - Diversified,"New York City, New York",,0000831001,1998
PNC,PNC Financial Services,Financial Services,Banks - Regional,"Pittsburgh, Pennsylvania",,0000713676,1845
HD,Home Depot (The),Consumer Cyclical,Home Improvement,"Atlanta, Georgia",,0000354950,1978
AVY,Avery Dennison,Industrials,Business Equipment & Supplies,"Mentor, Ohio",,0000008818,1990
MRSH,"Marsh & McLennan Companies, Inc.",Financial Services,Insurance - Brokers,"New York City, New York",,0000062709,1905-02-01
SYY,Sysco,Consumer Defensive,Food Distribution,"Houston, Texas",,0000096021,1969
MDT,Medtronic,Healthcare,Medical - Devices,"Dublin, Ireland",,0001613103,1949
ITW,Illinois Tool Works,Industrials,Industrial - Machinery,"Glenview, Illinois",,0000049826,1912
PH,Parker Hannifin,Industrials,Industrial - Machinery,"Cleveland, Ohio",,0000076334,1917
DOV,Dover Corporation,Industrials,Industrial - Machinery,"Downers Grove, Illinois",,0000029905,1955
TJX,TJX Companies,Consumer Cyclical,Apparel - Retail,"Framingham, Massachusetts",,0000109198,1987
CNP,CenterPoint Energy,Utilities,Regulated Electric,"Houston, Texas",,0001130310,1882
RVTY,Revvity,Healthcare,Medical - Diagnostics & Research,"Waltham, Massachusetts",,0000031791,1937
APD,Air Products,Basic Materials,Chemicals - Specialty,"Upper Macungie Township, Pennsylvania",,0000002969,1940
NUE,Nucor,Basic Materials,Steel,"Charlotte, North Carolina",,0000073309,1940
BALL,Ball Corporation,Consumer Cyclical,Packaging & Containers,"Broomfield, Colorado",,0000009389,1880
HAS,Hasbro,Consumer Cyclical,Leisure,"Pawtucket, Rhode Island",,0000046080,1923
PHM,PulteGroup,Consumer Cyclical,Residential Construction,"Atlanta, Georgia",,0000822416,1956
LOW,Lowe's,Consumer Cyclical,Home Improvement,"Mooresville, North Carolina",,0000060667,1904/1946/1959
T,AT&T,Communication Services,Telecommunications Services,"Dallas, Texas",,0000732717,1983
VZ,Verizon,Communication Services,Telecommunications Services,"New York City, New York",,0000732712,1983
CAG,Conagra Brands,Consumer Defensive,Packaged Foods,"Chicago, Illinois",,0000023217,1919
AAPL,Apple Inc.,Technology,Consumer Electronics,"Cupertino, California",,0000320193,1977
BF-B,Brown–Forman,Consumer Defensive,Beverages - Wineries & Distilleries,"Louisville, Kentucky",,0000014693,1870
SNA,Snap-on,Industrials,Manufacturing - Tools & Accessories,"Kenosha, Wisconsin",,0000091440,1920
SWK,Stanley Black & Decker,Industrials,Manufacturing - Tools & Accessories,"New Britain, Connecticut",,0000093556,1843
WMT,Walmart,Consumer Defensive,Discount Stores,"Bentonville, Arkansas",,0000104169,1962
GWW,W. W. Grainger,Industrials,Industrial - Distribution,"Lake Forest, Illinois",,0000277135,1927
MAS,Masco,Industrials,Construction,"Livonia, Michigan",,0000062996,1929
ADP,Automatic Data Processing,Industrials,Staffing & Employment Services,"Roseland, New Jersey",,0000008670,1949
FDX,FedEx,Industrials,Integrated Freight & Logistics,"Memphis, Tennessee",,0001048911,1971
PCAR,Paccar,Industrials,Agricultural - Machinery,"Bellevue, Washington",,0000075362,1905
AIG,American International Group,Financial Services,Insurance - Diversified,"New York City, New York",,0000005272,1919
WY,Weyerhaeuser,Real Estate,REIT - Specialty,"Seattle, Washington",,0000106535,1900
TXT,Textron,Industrials,Aerospace & Defense,"Providence, Rhode Island",,0000217346,1923
INTC,Intel,Technology,Semiconductors,"Santa Clara, California",,0000050863,1968
TGT,Target Corporation,Consumer Defensive,Discount Stores,"Minneapolis, Minnesota",,0000027419,1902
AXP,American Express,Financial Services,Financial - Credit Services,"New York City, New York",,0000004962,1850
BAC,Bank of America,Financial Services,Banks - Diversified,"Charlotte, North Carolina",,0000070858,1998
CI,Cigna,Healthcare,Medical - Healthcare Plans,"Bloomfield, Connecticut",,0001739940,1982
DIS,Walt Disney Company (The),Communication Services,Entertainment,"Burbank, California",,0001744489,1923
DUK,Duke Energy,Utilities,Regulated Electric,"Charlotte, North Carolina",,0001326160,1904
NEE,NextEra Energy,Utilities,Regulated Electric,"Juno Beach, Florida",,0000753308,1984
TAP,Molson Coors Beverage Company,Consumer Defensive,Beverages - Alcoholic,"Chicago, Illinois",,0000024545,2005
WFC,Wells Fargo,Financial Services,Banks - Diversified,"San Francisco, California",,0000072971,1852
IFF,International Flavors & Fragrances,Basic Materials,Chemicals - Specialty,"New York City, New York",,0000051253,1958
JPM,JPMorgan Chase,Financial Services,Banks - Diversified,"New York City, New York",,0000019617,2000
WMB,Williams Companies,Energy,Oil & Gas Midstream,"Tulsa, Oklahoma",,0000107263,1908
HPQ,HP Inc.,Technology,Computer Hardware,"Palo Alto, California",,0000047217,1939
GPC,Genuine Parts Company,Consumer Cyclical,Specialty Retail,"Atlanta, Georgia",,0000040987,1925
JNJ,Johnson & Johnson,Healthcare,Drug Manufacturers - General,"New Brunswick, New Jersey",,0000200406,1886
BAX,Baxter International,Healthcare,Medical - Instruments & Supplies,"Deerfield, Illinois",,0000010456,1931
BDX,Becton Dickinson,Healthcare,Medical - Instruments & Supplies,"Franklin Lakes, New Jersey",,0000010795,1897
LLY,Lilly (Eli),Healthcare,Drug Manufacturers - General,"Indianapolis, Indiana",,0000059478,1876
MCD,McDonald's,Consumer Cyclical,Restaurants,"Chicago, Illinois",,0000063908,1940
NEM,Newmont,Basic Materials,Gold,"Denver, Colorado",,0001164727,1921
CLX,Clorox,Consumer Defensive,Household & Personal Products,"Oakland, California",,0000021076,1913
CMI,Cummins,Industrials,Industrial - Machinery,"Columbus, Indiana",,0000026172,1919
EMR,Emerson Electric,Industrials,Industrial - Machinery,"Ferguson, Missouri",,0000032604,1890
SHW,Sherwin-Williams,Basic Materials,Chemicals - Specialty,"Cleveland, Ohio",,0000089800,1866
ABT,Abbott Laboratories,Healthcare,Medical - Devices,"North Chicago, Illinois",,0000001800,1888
ADM,Archer Daniels Midland,Consumer Defensive,Agricultural Farm Products,"Chicago, Illinois",,0000007084,1902
AEP,American Electric Power,Utilities,Regulated Electric,"Columbus, Ohio",,0000004904,1906
BA,Boeing,Industrials,Aerospace & Defense,"Arlington, Virginia",,0000012927,1916
BMY,Bristol Myers Squibb,Healthcare,Drug Manufacturers - General,"New York City, New York",,0000014272,1989
CAT,Caterpillar Inc.,Industrials,Agricultural - Machinery,"Irving, Texas",,0000018230,1925
CL,Colgate-Palmolive,Consumer Defensive,Household & Personal Products,"New York City, New York",,0000021665,1806
CMS,CMS Energy,Utilities,Regulated Electric,"Jackson, Michigan",,0000811156,1886
COP,ConocoPhillips,Energy,Oil & Gas Exploration & Production,"Houston, Texas",,0001163165,2002
CPB,Campbell Soup Company,Consumer Defensive,Packaged Foods,"Camden, New Jersey",,0000016732,1869
CSX,CSX Corporation,Industrials,Railroads,"Jacksonville, Florida",,0000277948,1980
CVS,CVS Health,Healthcare,Medical - Healthcare Plans,"Woonsocket, Rhode Island",,0000064803,1996
CVX,Chevron Corporation,Energy,Oil & Gas Integrated,"San Ramon, California",,0000093410,1879
DE,Deere & Company,Industrials,Agricultural - Machinery,"Moline, Illinois",,0000315189,1837
DTE,DTE Energy,Utilities,Regulated Electric,"Detroit, Michigan",,0000936340,1995
ED,Consolidated Edison,Utilities,Regulated Electric,"New York City, New York",,0001047862,1823
EIX,Edison International,Utilities,Regulated Electric,"Rosemead, California",,0000827052,1886
ETN,Eaton Corporation,Industrials,Industrial - Machinery,"Dublin, Ireland",,0001551182,1911
ETR,Entergy,Utilities,Regulated Electric,"New Orleans, Louisiana",,0000065984,1913
EXC,Exelon,Utilities,Regulated Electric,"Chicago, Illinois",,0001109357,2000
F,Ford Motor Company,Consumer Cyclical,Auto - Manufacturers,"Dearborn, Michigan",,0000037996,1903
GD,General Dynamics,Industrials,Aerospace & Defense,"Falls Church, Virginia",,0000040533,1899
GE,GE Aerospace,Industrials,Aerospace & Defense,"Evendale, Ohio",,0000040545,1892
GIS,General Mills,Consumer Defensive,Packaged Foods,"Golden Valley, Minnesota",,0000040704,1856
HAL,Halliburton,Energy,Oil & Gas Equipment & Services,"Houston, Texas",,0000045012,1919
HIG,Hartford (The),Financial Services,Insurance - Diversified,"Hartford, Connecticut",,0000874766,1810
HON,Honeywell,Industrials,Conglomerates,"Charlotte, North Carolina",,0000773840,1906
HSY,Hershey Company (The),Consumer Defensive,Food Confectioners,"Hershey, Pennsylvania",,0000047111,1894
IBM,IBM,Technology,Information Technology Services,"Armonk, New York",,0000051143,1911
IP,International Paper,Consumer Cyclical,Packaging & Containers,"Memphis, Tennessee",,0000051434,1898
KMB,Kimberly-Clark,Consumer Defensive,Household & Personal Products,"Irving, Texas",,0000055785,1872
KO,Coca-Cola Company (The),Consumer Defensive,Beverages - Non-Alcoholic,"Atlanta, Georgia",,0000021344,1886
KR,Kroger,Consumer Defensive,Grocery Stores,"Cincinnati, Ohio",,0000056873,1883
LMT,Lockheed Martin,Industrials,Aerospace & Defense,"Bethesda, Maryland",,0000936468,1995
MMM,3M,Industrials,Conglomerates,"Saint Paul, Minnesota",,0000066740,1902
MO,Altria,Consumer Defensive,Tobacco,"Richmond, Virginia",,0000764180,1985
MRK,Merck & Co.,Healthcare,Drug Manufacturers - General,"Kenilworth, New Jersey",,0000310158,1891
MSI,Motorola Solutions,Technology,Communication Equipment,"Chicago, Illinois",,0000068505,1928
NOC,Northrop Grumman,Industrials,Aerospace & Defense,"West Falls Church, Virginia",,0001133421,1994
NSC,Norfolk Southern Railway,Industrials,Railroads,"Atlanta, Georgia",,0000702165,1881/1894
OXY,Occidental Petroleum,Energy,Oil & Gas Exploration & Production,"Houston, Texas",,0000797468,1920
PEG,Public Service Enterprise Group,Utilities,Regulated Electric,"Newark, New Jersey",,0000788784,1903
PEP,PepsiCo,Consumer Defensive,Beverages - Non-Alcoholic,"Purchase, New York",,0000077476,1898
PFE,Pfizer,Healthcare,Drug Manufacturers - General,"New York City, New York",,0000078003,1849
PG,Procter & Gamble,Consumer Defensive,Household & Personal Products,"Cincinnati, Ohio",,0000080424,1837
PPG,PPG Industries,Basic Materials,Chemicals - Specialty,"Pittsburgh, Pennsylvania",,0000079879,1883
RTX,RTX Corporation,Industrials,Aerospace & Defense,"Waltham, Massachusetts",,0000101829,1922
SLB,Schlumberger,Energy,Oil & Gas Equipment & Services,"Houston, Texas",,0000087347,1926
SO,Southern Company,Utilities,Regulated Electric,"Atlanta, Georgia",,0000092122,1945
SPGI,S&P Global,Financial Services,Financial - Data & Stock Exchanges,"New York City, New York",,0000064040,1917
UNP,Union Pacific Corporation,Industrials,Railroads,"Omaha, Nebraska",,0000100885,1862
XEL,Xcel Energy,Utilities,Regulated Electric,"Minneapolis, Minnesota",,0000072903,1909
XOM,ExxonMobil,Energy,Oil & Gas Integrated,"Irving, Texas",,0000034088,1999
